,momentum,combo
0,50000.0,50000.0
1,50000.0,50000.0
2,50000.0,50000.0
3,50000.0,50000.0
4,50000.0,50000.0
5,50000.0,50000.0
6,50000.0,50000.0
7,50000.0,50000.0
8,50000.0,50000.0
9,50000.0,50000.0
10,50000.0,50000.0
11,50000.0,50000.0
12,50000.0,50000.0
13,50000.0,50000.0
14,50000.0,50000.0
15,50000.0,50000.0
16,50000.0,50000.0
17,50000.0,50000.0
18,50000.0,50000.0
19,50000.0,50000.0
20,50000.0,50000.0
21,50000.0,50000.0
22,50000.0,50000.0
23,50000.0,50000.0
24,50000.0,50000.0
25,50000.0,50000.0
26,50000.0,50000.0
27,50000.0,50000.0
28,50000.0,50000.0
29,50000.0,50000.0
30,50000.0,50000.0
31,50000.0,50000.0
32,50000.0,50000.0
33,50000.0,50000.0
34,50000.0,50000.0
35,50000.0,50000.0
36,50000.0,50000.0
37,50000.0,50000.0
38,50000.0,50000.0
39,50000.0,50000.0
40,50000.0,50000.0
41,50000.0,50000.0
42,50000.0,50000.0
43,50000.0,50000.0
44,50000.0,50000.0
45,50000.0,50000.0
46,50000.0,50000.0
47,50000.0,50000.0
48,50000.0,50000.0
49,50000.0,50000.0
50,50000.0,50000.0
51,50000.0,50000.0
52,50000.0,50000.0
53,50000.0,50000.0
54,50000.0,50000.0
55,50000.0,50000.0
56,50000.0,50000.0
57,50000.0,50000.0
58,50000.0,50000.0
59,50000.0,50000.0
60,50000.0,50000.0
61,50000.0,50000.0
62,50000.0,50000.0
63,50000.0,50000.0
64,50000.0,50000.0
65,50000.0,50000.0
66,50000.0,50000.0
67,50000.0,50000.0
68,50000.0,50000.0
69,50000.0,50000.0
70,50000.0,50000.0
71,50000.0,50000.0
72,50000.0,50000.0
73,50000.0,50000.0
74,50000.0,50000.0
75,50000.0,50000.0
76,50000.0,50000.0
77,50000.0,50000.0
78,50000.0,50000.0
79,50000.0,50000.0
80,50000.0,50000.0
81,50000.0,50000.0
82,50000.0,50000.0
83,50000.0,50000.0
84,50000.0,50000.0
85,50000.0,50000.0
86,50000.0,50000.0
87,50000.0,50000.0
88,50000.0,50000.0
89,50000.0,50000.0
90,50000.0,50000.0
91,50000.0,50000.0
92,50000.0,50000.0
93,50000.0,50000.0
94,50000.0,50000.0
95,50000.0,50000.0
96,50000.0,50000.0
97,50000.0,50000.0
98,50000.0,50000.0
99,50000.0,50000.0
100,50000.0,50000.0
101,50000.0,50000.0
102,50000.0,50000.0
103,50000.0,50000.0
104,50000.0,50000.0
105,50000.0,50000.0
106,50000.0,50000.0
107,50000.0,50000.0
108,50000.0,50000.0
109,50000.0,50000.0
110,50000.0,50000.0
111,50000.0,50000.0
112,50000.0,50000.0
113,50000.0,50000.0
114,50000.0,50000.0
115,50000.0,50000.0
116,50000.0,50000.0
117,50000.0,50000.0
118,50000.0,50000.0
119,50000.0,50000.0
120,50000.0,50000.0
121,50000.0,50000.0
122,50000.0,50000.0
123,50000.0,50000.0
124,50000.0,50000.0
125,50000.0,50000.0
126,50000.0,50000.0
127,50000.0,50000.0
128,50000.0,50000.0
129,50000.0,50000.0
130,50000.0,50000.0
131,50000.0,50000.0
132,50000.0,50000.0
133,50000.0,50000.0
134,50000.0,50000.0
135,50000.0,50000.0
136,50000.0,50000.0
137,50000.0,50000.0
138,50000.0,50000.0
139,50000.0,50000.0
140,50000.0,50000.0
141,50000.0,50000.0
142,50000.0,50000.0
143,50000.0,50000.0
144,50000.0,50000.0
145,50000.0,50000.0
146,50000.0,50000.0
147,50000.0,50000.0
148,50000.0,50000.0
149,50000.0,50000.0
150,50000.0,50000.0
151,50000.0,50000.0
152,50000.0,50000.0
153,50000.0,50000.0
154,50000.0,50000.0
155,50000.0,50000.0
156,50000.0,50000.0
157,50000.0,50000.0
158,50000.0,50000.0
159,50000.0,50000.0
160,50000.0,50000.0
161,50000.0,50000.0
162,50000.0,50000.0
163,50000.0,50000.0
164,50000.0,50000.0
165,50000.0,50000.0
166,50000.0,50000.0
167,50000.0,50000.0
168,50000.0,50000.0
169,50000.0,50000.0
170,50000.0,50000.0
171,50000.0,50000.0
172,50000.0,50000.0
173,50000.0,50000.0
174,50000.0,50000.0
175,50000.0,50000.0
176,50000.0,50000.0
177,50000.0,50000.0
178,50000.0,50000.0
179,50000.0,50000.0
180,50000.0,50000.0
181,50000.0,50000.0
182,50000.0,50000.0
183,50000.0,50000.0
184,50000.0,50000.0
185,50000.0,50000.0
186,50000.0,50000.0
187,50000.0,50000.0
188,50000.0,50000.0
189,50000.0,50000.0
190,50000.0,50000.0
191,50000.0,50000.0
192,50000.0,50000.0
193,50000.0,50000.0
194,50000.0,50000.0
195,50000.0,50000.0
196,50000.0,50000.0
197,50000.0,50000.0
198,50000.0,50000.0
199,50000.0,50000.0
200,50000.0,50000.0
201,50000.0,50000.0
202,50000.0,50000.0
203,50000.0,50000.0
204,50000.0,50000.0
205,50000.0,50000.0
206,50000.0,50000.0
207,50000.0,50000.0
208,50000.0,50000.0
209,50000.0,50000.0
210,50000.0,50000.0
211,50000.0,50000.0
212,50000.0,50000.0
213,50000.0,50000.0
214,50000.0,50000.0
215,50000.0,50000.0
216,50000.0,50000.0
217,50000.0,50000.0
218,50000.0,50000.0
219,50000.0,50000.0
220,50000.0,50000.0
221,50000.0,50000.0
222,50000.0,50000.0
223,50000.0,50000.0
224,50000.0,50000.0
225,50000.0,50000.0
226,50000.0,50000.0
227,50000.0,50000.0
228,50000.0,50000.0
229,50000.0,50000.0
230,50000.0,50000.0
231,50000.0,50000.0
232,50000.0,50000.0
233,50000.0,50000.0
234,50000.0,50000.0
235,50000.0,50000.0
236,50000.0,50000.0
237,50000.0,50000.0
238,50000.0,50000.0
239,50000.0,50000.0
240,50000.0,50000.0
241,50000.0,50000.0
242,50000.0,50000.0
243,50000.0,50000.0
244,50000.0,50000.0
245,50000.0,50000.0
246,50000.0,50000.0
247,50000.0,50000.0
248,50000.0,50000.0
249,50000.0,50000.0
250,50000.0,50000.0
251,50000.0,50000.0
252,50000.0,50000.0
253,50000.0,50000.0
254,50000.0,50000.0
255,50000.0,50000.0
256,50000.0,50000.0
257,50000.0,50000.0
258,50000.0,50000.0
259,50000.0,50000.0
260,50000.0,50000.0
261,50000.0,50000.0
262,50000.0,50000.0
263,50000.0,50000.0
264,50000.0,50000.0
265,50000.0,50000.0
266,50000.0,50000.0
267,50000.0,50000.0
268,50000.0,50000.0
269,50000.0,50000.0
270,50000.0,50000.0
271,50000.0,50000.0
272,50000.0,50000.0
273,50000.0,50000.0
274,50000.0,50000.0
275,50000.0,50000.0
276,50000.0,50000.0
277,50000.0,50000.0
278,50000.0,50000.0
279,50000.0,50000.0
280,50000.0,50000.0
281,50000.0,50000.0
282,50000.0,50000.0
283,50000.0,50000.0
284,50000.0,50000.0
285,50000.0,50000.0
286,50000.0,50000.0
287,50000.0,50000.0
288,50000.0,50000.0
289,50000.0,50000.0
290,50000.0,50000.0
291,50000.0,50000.0
292,50000.0,50000.0
293,50000.0,50000.0
294,50000.0,50000.0
295,50000.0,50000.0
296,50000.0,50000.0
297,50000.0,50000.0
298,50000.0,50000.0
299,50000.0,50000.0
300,50000.0,50000.0
301,50000.0,50000.0
302,50000.0,50000.0
303,50000.0,50000.0
304,50000.0,50000.0
305,50000.0,50000.0
306,50000.0,50000.0
307,50000.0,50000.0
308,50000.0,50000.0
309,50000.0,50000.0
310,50000.0,50000.0
311,50000.0,50000.0
312,50000.0,50000.0
313,50000.0,50000.0
314,50000.0,50000.0
315,50000.0,50000.0
316,50000.0,50000.0
317,50000.0,50000.0
318,50000.0,50000.0
319,50000.0,50000.0
320,50000.0,50000.0
321,50000.0,50000.0
322,50000.0,50000.0
323,50000.0,50000.0
324,50000.0,50000.0
325,50000.0,50000.0
326,50000.0,50000.0
327,50000.0,50000.0
328,50000.0,50000.0
329,50000.0,50000.0
330,50000.0,50000.0
331,50000.0,50000.0
332,50000.0,50000.0
333,50000.0,50000.0
334,50000.0,50000.0
335,50000.0,50000.0
336,50000.0,50000.0
337,50000.0,50000.0
338,50000.0,50000.0
339,50000.0,50000.0
340,50000.0,49998.49448529412
341,50000.0,49973.51715995939
342,50000.0,49968.20129000023
343,50000.0,49952.5126387374
344,50000.0,49963.63703162996
345,50000.0,49964.06817817365
346,50000.0,49967.086354361956
347,50000.0,49966.92003134929
348,50000.0,49974.42877849718
349,50000.0,49985.54084002714
350,50000.0,49983.38495692622
351,50000.0,49979.43651477375
352,50000.0,49996.23393599354
353,50000.0,50041.34115810028
354,50000.0,50045.94241055836
355,50000.0,50042.86257755704
356,50000.0,50046.330547715406
357,50000.0,50037.971838842735
358,50000.0,50042.42526533204
359,50000.0,50041.92629629404
360,50000.0,50042.01878151356
361,50000.0,49996.08611002478
362,50000.0,49994.43536164316
363,50000.0,49991.4786918854
364,50000.0,49985.518900878866
365,50000.0,49985.518900878866
366,50000.0,49985.518900878866
367,50000.0,49985.518900878866
368,50000.0,49985.518900878866
369,50000.0,49985.518900878866
370,50000.0,49985.518900878866
371,50000.0,49985.518900878866
372,50000.0,49985.518900878866
373,50000.0,49985.518900878866
374,50000.0,49985.518900878866
375,50000.0,49985.518900878866
376,50000.0,49985.518900878866
377,50000.0,49985.518900878866
378,50000.0,49985.518900878866
379,50000.0,49985.518900878866
380,50000.0,49985.518900878866
381,50000.0,49985.518900878866
382,50000.0,49985.518900878866
383,50000.0,49985.518900878866
384,50000.0,49985.518900878866
385,50000.0,49985.518900878866
386,50000.0,49985.518900878866
387,50000.0,49985.518900878866
388,50000.0,49985.518900878866
389,50000.0,49985.518900878866
390,50000.0,49985.518900878866
391,50000.0,49985.518900878866
392,50000.0,49985.518900878866
393,50000.0,49985.518900878866
394,50000.0,49985.518900878866
395,50000.0,49985.518900878866
396,50000.0,49985.518900878866
397,50000.0,49985.518900878866
398,50000.0,49985.518900878866
399,50000.0,49985.518900878866
400,50000.0,49985.518900878866
401,50000.0,49985.518900878866
402,50000.0,49985.518900878866
403,50000.0,49985.518900878866
404,50000.0,49985.518900878866
405,50000.0,49985.518900878866
406,50000.0,49985.518900878866
407,50000.0,49985.518900878866
408,50000.0,49985.518900878866
409,50000.0,49985.518900878866
410,50000.0,49985.518900878866
411,50000.0,49985.518900878866
412,50000.0,49985.518900878866
413,50000.0,49985.518900878866
414,50000.0,49985.518900878866
415,50000.0,49985.518900878866
416,50000.0,49985.518900878866
417,50000.0,49985.518900878866
418,50000.0,49985.518900878866
419,50000.0,49985.518900878866
420,50000.0,49982.817477614735
421,50000.0,49973.32268076539
422,50000.0,49979.272952295534
423,50000.0,49974.02497728362
424,50000.0,49979.41479790455
425,50000.0,49985.860755044545
426,50000.0,49976.435688601814
427,50000.0,49985.53043738004
428,50000.0,50003.67535957617
429,50000.0,50005.80497508958
430,50000.0,50025.32152853687
431,50000.0,50017.7317067715
432,50000.0,50013.09442310253
433,50000.0,50026.79438039917
434,50000.0,50019.6118780748
435,50000.0,49993.14246110945
436,50000.0,50000.2877165314
437,50000.0,49983.144013958954
438,50000.0,49989.41079688651
439,50000.0,49984.37416763719
440,50000.0,49979.40541256897
441,50000.0,49966.7366212818
442,50000.0,49985.644557485684
443,50000.0,49993.77787081241
444,50000.0,49980.98018889006
445,50000.0,49982.30647997423
446,50000.0,49978.54420145298
447,50000.0,49973.004020263084
448,50000.0,49944.90859383692
449,50000.0,49953.89553917903
450,50000.0,49966.3143251194
451,50000.0,49954.1614857015
452,50000.0,49958.20808398169
453,50000.0,49966.36006387701
454,50000.0,49976.62263641412
455,50000.0,49976.28473547661
456,50000.0,49967.182921319465
457,50000.0,49975.9127056787
458,50000.0,49970.82530410481
459,50000.0,49971.46362052003
460,50000.0,49964.8375248647
461,50000.0,49955.843013261445
462,50000.0,49968.21654284897
463,50000.0,49947.95173808423
464,50000.0,49937.38036410681
465,50000.0,49939.830085178415
466,50000.0,49898.567937009284
467,50000.0,49919.35890677531
468,50000.0,49911.19984696801
469,50000.0,49937.90677507031
470,50000.0,49948.63007589639
471,50000.0,49948.422865588334
472,50000.0,49949.50936666798
473,50000.0,49989.201552885286
474,50000.0,49989.87735650876
475,50000.0,50013.67695601064
476,50000.0,49984.443221919246
477,50000.0,49995.00932281169
478,50000.0,49985.176727710605
479,50000.0,49984.84934394062
480,50000.0,49974.6085253301
481,50000.0,49994.73248093675
482,50000.0,49992.52720240761
483,50000.0,50000.98707833113
484,50000.0,50046.41220965562
485,50000.0,50058.96957136428
486,50000.0,50001.640965709106
487,50000.0,50003.95811214824
488,50000.0,50001.41143364862
489,50000.0,50016.755017868396
490,50000.0,50033.34658505109
491,50000.0,50037.120372303936
492,50000.0,50036.89380167563
493,50000.0,50031.133217621864
494,50000.0,50027.280932676076
495,50000.0,50033.65585994766
496,50000.0,50029.471079942465
497,50000.0,50026.11283764285
498,50000.0,50027.46143765153
499,50000.0,50027.816899093574
500,50000.0,50021.65271469705
501,50000.0,50024.99343813439
502,50000.0,50012.4349995819
503,50000.0,50011.01241161678
504,50000.0,50003.16379571633
505,50000.0,50002.460956394185
506,50000.0,50003.877094030446
507,50000.0,50000.560775502156
508,50000.0,50001.57904413601
509,50000.0,49992.60800591898
510,50000.0,49999.37265328906
511,50000.0,49998.22241647523
512,50000.0,50003.0444443741
513,50000.0,49997.44869627183
514,50000.0,50007.651854382835
515,50000.0,49989.76394873129
516,50000.0,49984.61647970574
517,50000.0,49980.261320516074
518,50000.0,49969.84065922211
519,50000.0,49972.69495748665
520,50000.0,49975.53262441155
521,50000.0,49969.03136888461
522,50000.0,49975.72499654826
523,50000.0,49976.266046928016
524,50000.0,49976.04431329961
525,50000.0,49977.300904106305
526,50000.0,49976.328542726864
527,50000.0,49973.70123222782
528,50000.0,49979.188619741195
529,50000.0,49982.27207473172
530,50000.0,49974.8161347552
531,50000.0,49976.9378679861
532,50000.0,49977.365951348824
533,50000.0,49977.83740261603
534,50000.0,49979.27291510901
535,50000.0,49977.19747589908
536,50000.0,49978.56805643542
537,50000.0,49980.57298943691
538,50000.0,49990.575360950694
539,50000.0,49984.62657480875
540,50000.0,49982.48564801066
541,50000.0,49982.88163616945
542,50000.0,49984.290295819184
543,50000.0,49987.02964270009
544,50000.0,49987.22981975587
545,50000.0,49982.65001226686
546,50000.0,49983.313363975474
547,50000.0,49985.41455619767
548,50000.0,49984.504745175196
549,50000.0,49981.27451761225
550,50000.0,49983.29205469605
551,50000.0,49982.16977120463
552,50000.0,49982.19533083362
553,50000.0,49985.192374744096
554,50000.0,49989.303124659324
555,50000.0,49981.35929579007
556,50000.0,49981.51192059547
557,50000.0,49973.21589159931
558,50000.0,49967.32334349328
559,50000.0,49963.78473297192
560,50000.0,49949.281208341
561,50000.0,49940.41179146407
562,50000.0,49944.03337835106
563,50000.0,49947.148043131485
564,50000.0,49899.515614155534
565,50000.0,49915.1926356249
566,50000.0,49907.35841319793
567,50000.0,49923.54641895071
568,50000.0,49944.89646807436
569,50000.0,49949.76409627544
570,50000.0,49964.13046102812
571,50000.0,50018.19222887286
572,50000.0,50005.9401921741
573,50000.0,50034.17305312151
574,50000.0,50035.8369451197
575,50000.0,50019.59331991247
576,50000.0,50024.4922259594
577,50000.0,50003.066731547515
578,50000.0,50001.24934658994
579,50000.0,49992.50064209885
580,50000.0,49988.87705118204
581,50000.0,49989.4199319248
582,50000.0,49977.201048685616
583,50000.0,49991.30065494561
584,50000.0,49997.012383446214
585,50000.0,50002.755640596915
586,50000.0,49975.84204160415
587,50000.0,49978.51819219918
588,50000.0,49974.39183057558
589,50000.0,49962.86117424774
590,50000.0,49960.51836505711
591,50000.0,49956.990113305634
592,50000.0,49962.718211408064
593,50000.0,49959.95355747854
594,50000.0,49970.08336215993
595,50000.0,49971.77854475132
596,50000.0,49965.70837761837
597,50000.0,49977.57368287639
598,50000.0,49977.5246232602
599,50000.0,49963.17575795097
600,50000.0,49969.67460565367
601,50000.0,49949.267464895434
602,50000.0,49965.84349686737
603,50000.0,49969.01128210459
604,50000.0,49998.01394690781
605,50000.0,49991.84900869749
606,50000.0,49979.824975606636
607,50000.0,49974.541597723466
608,50000.0,49992.73753834839
609,50000.0,49988.25647657253
610,50000.0,49983.41118595024
611,50000.0,49983.68317931639
612,50000.0,50004.067757107536
613,50000.0,50014.42804569795
614,50000.0,50022.83661081071
615,50000.0,50021.54888994716
616,50000.0,50020.79565089508
617,50000.0,50028.57153073914
618,50000.0,50033.76663701042
619,50000.0,50024.56954052705
620,50000.0,50039.178237938955
621,50000.0,50050.208544745845
622,50000.0,50035.844707919714
623,50000.0,50026.76661955831
624,50000.0,50029.718256272135
625,50000.0,50022.90841584855
626,50000.0,50028.1022877142
627,50000.0,50030.87467425735
628,50000.0,50057.36008764821
629,50000.0,50069.19207443112
630,50000.0,50078.24450381093
631,50000.0,50068.53814482582
632,50000.0,50077.58737996141
633,50000.0,50042.38848635467
634,50000.0,50055.36989161266
635,50000.0,50052.937479432316
636,50000.0,50056.87667483509
637,50000.0,50058.46048403286
638,50000.0,50058.769073369054
639,49975.0,50058.33170972781
640,49931.657130388485,50058.52793961613
641,49927.609685420015,50057.869848533766
642,49903.17980867304,50055.63822624931
643,49873.84562345384,50058.11103217987
644,49908.29499139018,50055.71386431458
645,49855.08873711138,50057.064672348235
646,49823.25531455553,50060.99660441251
647,49854.67337110771,50060.455063805384
648,49832.91575502664,50061.45437436556
649,49835.86033646399,50060.70642566081
650,49865.69739633326,50061.503419364344
651,49850.64522255865,50059.443479522226
652,49848.11906721829,50060.46733752838
653,49867.850899207486,50058.450255930366
654,49854.08866634189,50059.11852522204
655,49836.21682952221,50061.22346871513
656,49818.09961441122,50064.564765280316
657,49831.53733811881,50066.019850066215
658,49651.61012931212,50078.2754618326
659,49698.47635723793,50083.89133871271
660,49704.68615314744,50079.135819878415
661,49649.0362372275,50080.521403460545
662,49685.94879322599,50083.10656883898
663,49693.27175829862,50084.04870181156
664,49664.648062601795,50081.5329877437
665,49696.076353710116,50082.78371005248
666,49735.25728262047,50079.795906688094
667,49807.62616333116,50081.935575836476
668,49842.38169737572,50080.72781155817
669,49820.77594294212,50081.77821273763
670,49802.65515214053,50078.230915441134
671,49802.20479496819,50077.68017675894
672,49799.37424345131,50081.036359159436
673,49823.36774059397,50082.43013558929
674,49813.451771299435,50078.9728307532
675,49805.21547814348,50075.59169786997
676,49792.84028111531,50085.946668070945
677,49814.87834732469,50085.45399945637
678,49844.81657923033,50091.44897264288
679,49838.023780981704,50090.35496193554
680,49857.04674786837,50053.00315402099
681,49826.90859325402,50049.27960251233
682,49925.498275608035,50050.89581907163
683,49913.4558073542,50058.752518866044
684,49920.70200750325,50065.3619751348
685,49934.88237880763,50059.63893999233
686,49911.41889340014,50060.296109730305
687,49937.2982109246,50066.66797206493
688,49909.40332679618,50061.47311865696
689,49935.55278576625,50063.621227218195
690,49924.920062942765,50062.26302222005
691,49913.44707457958,50062.576646236936
692,49917.9779349953,50061.001154056445
693,49907.369908293884,50059.51029742026
694,49897.92861229529,50059.23128343268
695,49908.75720981816,50060.33978121098
696,49896.64432798771,50057.185090562416
697,49894.47785379874,50058.36131566963
698,49861.934064798275,50056.51071379677
699,49875.719422740374,50059.78456357721
700,49840.159901413965,50055.07440330109
701,49840.050825005674,50055.28788791087
702,49836.27793029471,50053.585031162605
703,49853.14335672819,50055.18466316882
704,49766.85705634023,50048.74266728631
705,49797.68837487945,50045.87238296714
706,49787.2590811386,50039.09468308167
707,49807.62824610819,50038.631641352695
708,49813.22526768244,50030.350185874115
709,49736.72741882778,50016.70363370444
710,49791.08355226621,50023.250357643585
711,49789.57557702809,50030.220044922484
712,49825.450194232064,50033.120563122415
713,49829.98207520883,50024.46547752548
714,49829.8660429204,50031.82809512226
715,49873.90428290905,50035.01808625095
716,49892.523580618545,50031.62201716722
717,49907.840877620496,50022.636383249584
718,49890.917556670975,50021.40925513141
719,49810.40147608702,50006.263401715914
720,49814.973835473895,50011.96659361689
721,49821.58619416146,50004.22658574805
722,49855.37331735381,50016.49601124951
723,49871.127707162115,50020.29287682496
724,49870.93027047792,50021.271426338775
725,49802.46864587505,50010.185280176054
726,49804.025805029974,50006.79633732211
727,49808.88383420406,50008.87488990754
728,49803.0104504685,50008.89909514525
729,49803.45813735707,50003.95262579329
730,49893.16648778185,50006.34306224197
731,49873.35728150865,49999.02463907124
732,49850.64887982977,50000.348702182106
733,49863.09080335499,50008.760710524744
734,49886.83520862756,50011.4498651768
735,49902.866324671246,50008.89528271814
736,49899.78691832847,50015.14224221907
737,49911.24785308356,50025.682176370596
738,49927.84430000985,50028.19886252243
739,49912.219479663465,50032.68133964136
740,49936.284053295385,50035.91906203074
741,49957.16661455135,50029.120189179004
742,49952.130384394164,50039.16331913919
743,49958.24901055345,50025.919325546085
744,49953.97630275678,50024.880063916746
745,49958.5956108536,50030.52324769356
746,49963.57049242332,50028.19035936532
747,49967.383074846366,50020.4171317954
748,49951.36632693231,50019.51549307402
749,49945.76214424905,50014.75130206545
750,49932.578673950586,50017.62901008587
751,49933.414172036195,50016.02032247473
752,49922.733379360216,50030.72004284701
753,49935.39742726471,50020.120891340695
754,49942.09862796766,50021.37896330378
755,50020.090626586374,50031.396764842044
756,49988.49454266737,50022.226471461065
757,50018.46844334771,50023.46661065522
758,50022.83197460568,50026.451686433684
759,50005.435915218106,50022.39790835274
760,50021.10841395221,50024.61726975002
761,50020.10901695547,50024.33573387566
762,50012.95962852787,50028.25542534813
763,50017.6280405803,50023.44123297834
764,50026.93958904068,50022.29940971543
765,50025.271771207204,50021.80486426324
766,50030.614484448946,50024.75436592077
767,49992.87498263668,50017.497238047494
768,49955.27776267601,50013.59273515379
769,49894.031398840954,50008.768153868026
770,49901.69351063748,50011.37805739488
771,49870.65758682391,50004.27213472312
772,49852.56716120253,50001.93304795867
773,49880.83909000615,50002.96443784395
774,49843.92923008851,49997.217635385525
775,49873.94172696981,49998.931812702926
776,49865.31508424533,49996.95528825675
777,49854.05840524541,49990.476490342284
778,49902.20889116984,49979.45098910148
779,49863.4165363752,50002.41604711883
780,49852.82834917136,50004.49668797288
781,49873.627717420815,49990.38989262629
782,49906.63529321105,49991.090538531964
783,49867.69188818106,49982.14694983227
784,49803.55965977957,49978.60991692147
785,49798.69408711198,49982.51826057128
786,49800.7153030726,49988.90118596308
787,49821.094953084714,49982.91293410399
788,49814.81845210318,49989.810007554945
789,49793.87122480254,49986.46511690805
790,49807.39648987793,49983.116509271444
791,49821.309057414604,49978.46381938634
792,49893.173477870674,50002.32043691221
793,49879.02761017091,49987.326536249384
794,49889.120797371455,49996.035681525784
795,49915.70538452034,50005.74348468567
796,49858.92157071071,50007.07006468042
797,49810.47083636372,49980.861394626816
798,49847.8596861257,49979.4950365712
799,49865.33725653506,49982.44038035392
800,49908.261895622694,49991.353331096594
801,49900.79550073726,49980.4617954252
802,49898.28526827939,49968.5288442474
803,49898.861769136776,49957.532610231545
804,49914.51595047618,49966.75027277102
805,49915.50984352201,49969.397241999905
806,49919.639216976204,49966.591458765986
807,49828.7352549744,49931.48415514365
808,49870.07007742778,49935.75160836825
809,49891.71468652634,49920.95274241554
810,49832.49997733408,49885.035353666666
811,49864.59836617404,49904.67805314127
812,49821.62610166097,49886.030484782386
813,49811.261807854506,49882.711604295124
814,49845.85541448633,49904.718467112616
815,49852.88210572023,49902.60146522924
816,49855.53885579282,49900.47661986212
817,49859.84544008129,49904.72833839985
818,49865.763405653204,49899.687820844774
819,49841.551428594,49886.78157131392
820,49833.30801161951,49882.23863459855
821,49830.462890255585,49878.741124199085
822,49825.87748379621,49876.97162197559
823,49835.11522401136,49877.98726634514
824,49792.30564284936,49836.923561364914
825,49808.320669005545,49853.954382165524
826,49803.468926836875,49848.84923443261
827,49788.53850317826,49843.49357845736
828,49771.52326948149,49837.56406251984
829,49773.02217514264,49837.93638452139
830,49747.20795288985,49829.51799758175
831,49712.32761817705,49818.41592019042
832,49734.77688056932,49826.138479872745
833,49728.51601956887,49823.799234200895
834,49699.89241400552,49814.39684407561
835,49672.79407308991,49804.90670813311
836,49670.478398985266,49804.57532047667
837,49700.80434711193,49814.69648006116
838,49708.14715254811,49816.80705320436
839,49696.0812642358,49813.18735407396
840,49688.16477187574,49811.14552077551
841,49694.07964281903,49812.783033880485
842,49716.807147462656,49820.04927182347
843,49720.37324057379,49820.82465072772
844,49726.41697353198,49822.5257935045
845,49676.71257550071,49806.01462340107
846,49633.422113189976,49792.26809201693
847,49626.87987250537,49790.548918138935
848,49764.59543410922,49835.752965540945
849,49964.40224347081,49898.21234034384
850,49846.51735704425,49853.39507129027
851,49775.876944953525,49835.597942925415
852,49799.10648560461,49840.28810444911
853,49790.20486736043,49834.01554451666
854,49747.21388357614,49822.40644849061
855,49768.14355661221,49833.18469437094
856,49816.85595325581,49836.914392358216
857,49853.22815397606,49830.72666840887
858,49866.08314940697,49828.24001504552
859,49869.313325313706,49835.02365264001
860,49850.26514113025,49832.08527116689
861,49829.9757791958,49834.349952951256
862,49811.791373359636,49834.82326890965
863,49794.95119420315,49833.62256678786
864,49793.72137773567,49833.06946692232
865,49796.74817360462,49833.64878130742
866,49790.580808415245,49833.0545348101
867,49748.70160857757,49835.543094888286
868,49752.76199146674,49834.89011143393
869,49755.40245607826,49837.44121229113
870,49738.73148003293,49839.98398420118
871,49738.088672236525,49839.20275894864
872,49743.50954120737,49837.94686840951
873,49728.31627236157,49835.73982172202
874,49742.19743041413,49830.04648087271
875,49737.36925539047,49828.83474160543
876,49757.51613532442,49834.49918945185
877,49767.314423841155,49837.21871301589
878,49767.10499069267,49837.14900798208
879,49753.79527909161,49833.504979852056
880,49751.00070349188,49832.776706847806
881,49764.24051788372,49836.43026522631
882,49774.28312188884,49839.245010474166
883,49761.90009232056,49835.79571832709
884,49757.91919470134,49834.722812393506
885,49790.27494341433,49843.80986602825
886,49775.283920667025,49839.73476407249
887,49772.418720640795,49838.77141100891
888,49778.699565264564,49840.56776360669
889,49768.217582063386,49837.75051696576
890,49775.69331507472,49839.834014149834
891,49745.560854842704,49831.170587123706
892,49780.60306023079,49841.274613258545
893,49809.630011692134,49849.65629651308
894,49829.449534825246,49855.44971554537
895,49819.419333688464,49852.48417421017
896,49834.48267314903,49856.77892233181
897,49852.999102888156,49862.03007153954
898,49844.15327765975,49859.64442382247
899,49848.74874849685,49860.766900049115
900,49827.23690577585,49851.48001528169
901,49821.119274939796,49847.70241632411
902,49812.695996961025,49845.79290813603
903,49813.40214685419,49846.79793521842
904,49806.655275400866,49843.37969106747
905,49822.71191337707,49846.56480358836
906,49850.018277353985,49850.50348141453
907,49812.09721890946,49846.53043678251
908,49787.6396454854,49839.98250996334
909,49798.902342417525,49843.66252969353
910,49760.29516506422,49835.70324528814
911,49746.88211345463,49833.08994156013
912,49737.49920073528,49829.850872596624
913,49710.616390671545,49824.033030151746
914,49711.3205525418,49817.64151354299
915,49698.14877842499,49819.5633817144
916,49715.614586721684,49822.35333631504
917,49682.034487443,49811.73638704585
918,49705.06593402018,49812.65506591553
919,49671.985363772576,49805.60350020614
920,49692.75697433449,49808.70599780812
921,49743.52745510834,49820.02888052558
922,49761.97041997417,49823.39111380172
923,49753.73508222515,49821.5786472199
924,49683.97618001643,49804.609989583565
925,49644.10217122037,49796.84337937458
926,49491.72449844132,49776.29950466066
927,49484.114573199986,49780.70026097084
928,49598.11416383846,49769.168505480484
929,49607.89049415243,49787.40576705087
930,49599.235141812416,49795.982254294875
931,49614.77969777937,49808.55194521177
932,49648.0047112041,49810.31987456293
933,49624.52381472742,49808.32400669375
934,49595.1529857299,49808.22987188182
935,49590.55450120992,49816.78656594884
936,49569.50235430304,49820.49568441547
937,49603.70218530459,49820.3058163133
938,49616.42443997121,49827.67181075642
939,49612.41692828551,49834.82870997186
940,49610.660726274036,49831.921757276476
941,49596.632028128166,49832.12710878305
942,49621.19077153064,49828.13953009473
943,49611.735694253046,49831.975448359175
944,49557.19500032962,49823.45716251649
945,49503.31947199557,49835.43486813341
946,49473.631687950845,49864.83453492811
947,49477.18772113931,49856.619137798654
948,49472.99644351013,49853.727128036895
949,49466.60430811729,49856.77629652352
950,49665.81702086943,49870.36922566691
951,49791.016109408716,49890.1189050323
952,49768.62874876091,49885.78678324129
953,49781.27055932431,49883.87681689561
954,49765.85658542463,49882.29606284275
955,49778.89932002409,49884.88130928508
956,49768.401641037366,49883.55911585993
957,49783.78411656735,49883.79733340139
958,49768.747350661666,49884.37042447064
959,49738.56576919115,49880.69611102818
960,49726.20261453153,49880.11979338415
961,49741.95594522335,49882.99129252407
962,49739.66273636773,49881.917999033976
963,49764.774889055814,49882.28272308029
964,49787.694763774925,49887.199488184226
965,49761.205441109414,49884.4045199519
966,49769.81887314234,49885.227417189584
967,49807.39910621044,49894.21434198986
968,49818.96613383789,49890.57493875898
969,49822.51399516445,49887.44003398579
970,49838.95181447647,49887.626780506755
971,49839.928585269954,49888.926476862514
972,49838.757170207085,49888.000392093854
973,49843.4463223105,49887.37082032587
974,49854.98224800856,49891.1070124923
975,49770.419134930875,49884.83418074976
976,49795.96762894447,49886.43592218214
977,49820.103049700134,49887.92846128845
978,49784.81125868342,49881.770665946955
979,49822.078348707815,49887.80423619491
980,49834.350391984626,49890.73351096724
981,49865.59948283466,49914.22654271726
982,49876.564536443904,49919.8108925745
983,49911.333890004156,49945.0618176413
984,49929.46026276541,49945.117909520246
985,49928.90318717513,49932.01157465424
986,49915.04223853967,49937.07247633876
987,49938.37657117789,49950.29769090328
988,49943.208662456964,49961.50114771837
989,49947.09647466276,49959.20215874459
990,49936.83033332559,49943.63299520659
991,49949.125207888705,49954.351991797776
992,49984.290872945116,49980.392888768954
993,49999.83360656636,49982.24770446618
994,50043.14069993123,49999.11417587939
995,50030.639571426924,50005.96530023404
996,50049.6448241023,50012.072203583324
997,50062.34751645185,50018.345683481675
998,50026.81439917546,49990.158097639985
999,49998.51629941901,49994.49821432844
1000,49970.13911573557,50008.40759817351
1001,49981.2308252119,50004.97617527798
1002,49946.64689106087,50015.50004380741
1003,49925.71352834248,50016.33278823967
1004,49921.0165652733,50015.1994311949
1005,49887.7058392044,50026.993006253775
1006,49874.65500364496,50030.92291738264
1007,49826.616332391335,50056.274649716
1008,49851.235668994894,50076.065973303164
1009,49872.560652159045,50071.591040172774
1010,49853.02024693041,50074.116810285646
1011,49858.68479081329,50080.792137971206
1012,49885.75572762485,50099.90567175945
1013,49924.403490482684,50106.32891127457
1014,49952.97261024934,50109.70308296772
1015,49988.85171877952,50104.12997078226
1016,49995.43779708115,50104.34689156045
1017,50014.35868522852,50172.151203846515
1018,49950.54101119077,50210.43427738687
1019,50040.30195454004,50224.60183883685
1020,50091.0223470022,50241.28512080103
1021,50053.05041673158,50252.4140546297
1022,50059.06696201115,50247.6336910156
1023,50002.70126425083,50279.311191609486
1024,50049.550453301425,50272.57088855591
1025,50054.22175065446,50268.03331659343
1026,50040.24644380068,50262.420555106015
1027,50032.916268944704,50247.41199925514
1028,50049.61054676907,50269.6691783194
1029,49980.02766379545,50238.43665265274
1030,50008.14308882533,50251.59481455414
1031,49981.07716201395,50236.627370183836
1032,49981.65808661065,50236.749022225624
1033,49919.97769508585,50233.20916155232
1034,49954.003363056465,50237.2202448298
1035,50023.408599459304,50251.2667079592
1036,50021.13589013395,50275.864489376865
1037,50014.47011012424,50272.15932057888
1038,49987.88886597006,50259.48481995828
1039,49895.16355763234,50243.00030073487
1040,49859.694406663904,50247.80630154376
1041,49867.115542154366,50238.47948477892
1042,49876.55233441849,50242.715271226516
1043,49951.8946806407,50256.68722634713
1044,49965.47552574687,50269.58325857455
1045,49999.98874684894,50262.0317922012
1046,49963.84435169599,50249.23770030889
1047,49962.53873987195,50245.830836923706
1048,49955.06866540832,50240.73809452087
1049,50037.683721116155,50252.04095446522
1050,50009.443930794485,50251.014916314074
1051,50038.47524325147,50256.00181985678
1052,50043.15972771541,50254.34636745237
1053,50054.32863433096,50253.73526598228
1054,50126.00669318199,50251.74130535234
1055,50095.015200099355,50252.983183911936
1056,50087.37512002316,50250.30240645945
1057,50064.34948778071,50245.90707159492
1058,50040.28839594196,50242.99280154165
1059,50088.03013113491,50249.68263681024
1060,50078.653456357366,50247.650282180926
1061,50069.01165786324,50246.400547538586
1062,50085.38851632796,50246.78579384248
1063,50062.799786914635,50245.43920564902
1064,50068.56535347482,50246.410731227494
1065,50094.42987310877,50248.76992375548
1066,50097.06737702562,50249.238306113126
1067,50091.631520733536,50255.980172802876
1068,50050.54415777681,50257.99870151605
1069,50035.17870167589,50252.76495768797
1070,50001.34357709586,50248.51725379191
1071,49937.43795701291,50248.24392765927
1072,49918.710507752396,50251.614017412096
1073,49913.73760303659,50253.56893008687
1074,49991.479038444166,50247.59653113664
1075,49969.805175460635,50241.13772007059
1076,49918.02497961911,50254.18634109657
1077,49971.509065864666,50240.87324216046
1078,49950.77733446566,50244.982563648206
1079,49919.76674628492,50239.602422097865
1080,49910.82455647465,50230.69700871209
1081,49866.10636696045,50221.20136835605
1082,49869.480761432584,50228.64858940936
1083,49830.982465219844,50211.39948669798
1084,49868.737958628335,50294.37464901147
1085,49869.16082226872,50309.60738515027
1086,49821.316742950316,50297.759524107714
1087,49912.83620939837,50344.7331070565
1088,49878.649528041664,50337.183857984965
1089,49976.31153634798,50387.0719733036
1090,49953.00492714641,50387.45059431758
1091,49961.029064778646,50397.332908455704
1092,49927.02343145064,50375.30070863504
1093,49888.175831757806,50356.5393904792
1094,49865.27023732575,50366.13483811114
1095,49890.988239468636,50382.170316579475
1096,49810.35621981561,50380.43686379341
1097,49767.4780445995,50364.3470321111
1098,49708.97756305653,50346.19069247162
1099,49756.880815523036,50342.297821368134
1100,49802.588627040706,50337.40341210403
1101,49767.47460231555,50326.58196106818
1102,49752.58288292457,50317.89328023651
1103,49736.557694803196,50315.339413044676
1104,49735.066323934734,50309.01984711547
1105,49742.63393427363,50314.588269953434
1106,49703.48133868993,50307.77193875436
1107,49684.39741421244,50303.20071214317
1108,49598.84354143687,50309.075572759655
1109,49616.49768443599,50310.930366304296
1110,49635.653419441915,50306.22114654393
1111,49638.10992519673,50310.01732555364
1112,49623.55363493099,50312.92880031637
1113,49445.14169933753,50299.56360647269
1114,49491.05638690322,50292.47947806036
1115,49490.74053073255,50296.3263402441
1116,49542.417987654044,50302.67046250142
1117,49509.50120813452,50305.222051008306
1118,49472.478670248754,50302.43476195349
1119,49431.18881784477,50298.60849465082
1120,49489.67513762033,50302.77390774913
1121,49512.81620388488,50304.71164256024
1122,49529.59683875959,50310.59617178837
1123,49539.051699216514,50308.94167144667
1124,49500.64252413493,50294.58346755928
1125,49465.370659955195,50289.84712948798
1126,49435.76116770419,50273.529243361336
1127,49387.78357293216,50253.73654142337
1128,49288.51740648901,50232.25960798229
1129,49377.88952662547,50264.37460386018
1130,49348.445404502265,50253.88404183785
1131,49331.52026883958,50257.89888659267
1132,49389.82867303119,50277.6954517153
1133,49379.864461315745,50282.22407961982
1134,49405.073361218296,50282.85678998079
1135,49472.10606067739,50305.44801617814
1136,49474.00981180751,50313.45363605439
1137,49457.05499928264,50306.40860181091
1138,49552.660934307474,50361.797170783306
1139,49577.19571516105,50381.74894461796
1140,49656.69845665147,50392.61884656923
1141,49649.68562860868,50387.0587449323
1142,49660.41761053733,50390.88222739729
1143,49646.374456089994,50390.46694712257
1144,49665.793411938714,50400.1128251733
1145,49636.77560234961,50387.42154830747
1146,49666.71367090211,50382.506870064695
1147,49662.57581197834,50377.220482995435
1148,49670.06176251932,50378.849199206285
1149,49692.71821893257,50392.93654848163
1150,49672.03470070506,50376.78459024385
1151,49689.852688975196,50395.398430568624
1152,49706.02918991556,50390.210465782235
1153,49665.55889446902,50387.26065391794
1154,49672.64958633557,50387.160753319156
1155,49678.62357128584,50374.07613772747
1156,49707.920033799855,50412.104781660135
1157,49726.49896260621,50432.81976571003
1158,49695.53350452588,50417.740510185475
1159,49685.79703945617,50416.053289776035
1160,49663.208599875536,50402.756820358074
1161,49631.67745720691,50370.89523960413
1162,49639.652105962145,50386.68307835647
1163,49670.988481587076,50364.13565590218
1164,49641.4874434223,50346.426142587945
1165,49632.620801605,50353.10770703584
1166,49649.90842572509,50345.57248458244
1167,49699.45691135399,50361.50426595803
1168,49650.04563191467,50353.57292254925
1169,49615.1051671199,50344.33865161788
1170,49627.47743591618,50351.74375823624
1171,49640.61040384687,50343.1998279176
1172,49611.749953861276,50336.80990994509
1173,49624.66199111421,50339.4815080681
1174,49645.6242704592,50334.33933283585
1175,49639.556882325545,50334.8944153276
1176,49610.731727264414,50333.32993928241
1177,49631.163123917475,50338.149044951424
1178,49613.795230418415,50327.892281309934
1179,49598.33289343653,50321.12660154905
1180,49626.56191285244,50339.32649917411
1181,49660.31298687578,50348.989609444216
1182,49701.25450049292,50361.1531088362
1183,49650.347110438146,50328.34262115959
1184,49628.31394117293,50322.13239933199
1185,49624.68590165169,50306.56208168797
1186,49644.73875618233,50303.99213207591
1187,49677.04732832887,50304.65828267685
1188,49770.27661823803,50317.15940010101
1189,49774.441841024454,50319.50655346865
1190,49811.047054249146,50328.09366117207
1191,49789.05411084806,50323.56622911414
1192,49810.20624677518,50323.3166299445
1193,49814.98132244284,50327.68029910883
1194,49810.85718071926,50326.110038570994
1195,49808.34738587143,50321.54073208764
1196,49797.31974671531,50319.26992436954
1197,49775.271856463834,50317.05786915964
1198,49798.81372856093,50319.64938636597
1199,49769.02889890186,50315.95144618833
1200,49779.816091197965,50317.40812945315
1201,49797.22832121284,50319.58286623564
1202,49786.880091625695,50318.17399960901
1203,49796.367744803334,50320.38705783302
1204,49798.9612592969,50321.60324229422
1205,49789.628654408996,50320.129745264654
1206,49778.22341089592,50319.39289039127
1207,49840.42357640312,50326.617429867125
1208,49853.01963095919,50327.35175078129
1209,49845.49948529146,50325.741490145396
1210,49834.69096331407,50324.71127944839
1211,49857.54939388101,50328.024842073624
1212,49869.98987890819,50329.46760816404
1213,49899.87181545302,50333.60084186371
1214,49936.15901696474,50337.88313046105
1215,49893.42328707133,50337.43450790905
1216,49970.283387666015,50337.23793364582
1217,49898.70577305851,50338.16378111854
1218,49933.18232404257,50338.42982636265
1219,49915.86518864064,50334.03757422496
1220,49966.43925538883,50350.14428947364
1221,49933.89531852313,50339.00833339593
1222,49947.02928446257,50343.3996988854
1223,49988.838077822635,50353.73686207369
1224,50034.420184589675,50366.83981735019
1225,49962.267290043594,50346.46423025833
1226,49957.57665493771,50342.996209129225
1227,49798.71994767721,50305.16676526425
1228,49811.10094338078,50310.072610999094
1229,49801.364679251,50303.672958116666
1230,49811.06188545936,50306.06344070805
1231,49825.177153742516,50308.245010265004
1232,49866.393731950484,50316.790628571354
1233,49906.882464198585,50320.84355976177
1234,49977.426523740854,50349.286457708906
1235,49954.47284386516,50347.42856473643
1236,49945.32620968773,50344.84340100109
1237,49932.78437385618,50336.704054253554
1238,49842.44344819246,50310.63007717048
1239,49873.81004808844,50321.68825049122
1240,49903.75280397298,50334.44966610164
1241,49928.96743760329,50336.68333187407
1242,49988.90940590124,50361.98195549766
1243,49973.20570634908,50349.787057947346
1244,49971.11524719514,50350.54569708506
1245,49991.680487677455,50367.39795188861
1246,50024.98021988588,50383.33537310893
1247,50036.502455018504,50388.47877480624
1248,50029.3529711403,50383.500835267776
1249,50055.48518752652,50399.787261139696
1250,50073.87595969514,50404.64927561006
1251,50102.93373148778,50417.53241309254
1252,50060.919442280676,50412.72593689128
1253,50057.77321401239,50421.878794814016
1254,50014.86085543254,50408.0285712073
1255,50014.93647818861,50405.89952323289
1256,49904.32150935267,50375.906198210854
1257,49908.787595827904,50374.14219740431
1258,50038.14405344304,50414.307576047395
1259,50021.599674077755,50399.41040535894
1260,50028.75711505584,50389.627296309176
1261,50014.243926449475,50382.49998601085
1262,49995.447989047745,50374.312389017556
1263,50085.43461533469,50407.88301925122
1264,50044.00991111735,50398.5681853398
1265,50089.87760703724,50418.256446369196
1266,50046.463118366395,50401.29147187123
1267,50027.1836828542,50399.61516704358
1268,50047.808535086246,50406.49693563655
1269,50110.95626824851,50421.086993323
1270,50107.468585899034,50421.12496197367
1271,50033.89778271413,50402.916019384575
1272,50051.45758377382,50406.44367092263
1273,50026.14196235102,50398.356347146866
1274,50025.42895679487,50393.2152107801
1275,49995.471293876995,50387.118255880916
1276,50018.24888964654,50394.0660958953
1277,49974.421597051725,50381.07227499386
1278,49988.88647174706,50384.426516094914
1279,49960.027314392355,50375.02352087865
1280,49787.57291487984,50326.99639333426
1281,49766.038968444336,50323.767604852896
1282,49770.09944422221,50325.54643780012
1283,49854.19784576711,50351.46419201321
1284,49996.53398526303,50396.53547700538
1285,50011.357117889995,50399.48736984405
1286,49940.16127963366,50379.19597412779
1287,49951.87575333591,50389.06202584543
1288,49973.6652330711,50388.72887316607
1289,49986.07728709691,50387.808727021955
1290,50014.7719457226,50394.35971284142
1291,50034.04288762302,50399.24814704767
1292,50038.292230850675,50397.33037634651
1293,50049.028429658465,50388.48227326667
1294,50059.14901035966,50385.50901481734
1295,50051.02811036748,50394.64009469886
1296,50050.04030329599,50398.91846230762
1297,50031.42716064674,50389.198663694515
1298,49994.86162767731,50393.56560247472
1299,49972.537732319215,50387.219179494205
1300,49984.4249947864,50391.47946987058
1301,49986.64345273792,50380.78011336778
1302,50033.23228278806,50386.54426989925
1303,49995.21197373535,50384.23561576715
1304,50019.467848025124,50363.3554157924
1305,50044.39572184499,50348.19289956425
1306,50053.584893317675,50308.53619233798
1307,50059.92346333414,50318.36454167233
1308,50061.09557974262,50336.61624393766
1309,50073.366664627174,50320.90943451351
1310,50068.86382477573,50312.33250930718
1311,50014.94899492364,50276.45805485408
1312,50034.06962677138,50297.150952409625
1313,50034.276078657036,50298.53417734207
1314,50056.09599271401,50307.07599720652
1315,50051.64117237958,50304.60196978338
1316,50054.088966311945,50303.52829867212
1317,50038.74005758314,50303.12393727446
1318,50037.51149843436,50299.11539885307
