window,entry_z,exit_z,total_return,sharpe,sortino,max_drawdown,calmar,trades
10,1.5,0.3,-0.0998225709798688,-24.580006695191656,-15.025413773968598,-0.09973561218062806,-1.692082187160233,1368
10,1.5,0.5,-0.1217272040545504,-24.97142883639717,-14.897400294941253,-0.1216423612832488,-1.6769170969277374,1652
10,1.5,1.0,-0.15142879551683286,-27.512932420874783,-18.54373862810145,-0.15134682197402544,-1.6564025280454613,2120
10,2.0,0.3,-0.06667001812883278,-15.843445668156175,-6.189638645185555,-0.0667698264168392,-1.7104300604145248,864
10,2.0,0.5,-0.07451671107169644,-16.900964318043034,-7.0743302750201265,-0.07461568025134431,-1.70543953720245,968
10,2.0,1.0,-0.07843660923275997,-17.203871365361334,-7.603588767125655,-0.07853515922698338,-1.7029216508894158,1040
10,2.5,0.3,-0.019551696860459433,-8.264208893500394,-1.8689175412768204,-0.01965654387975155,-1.7352804680949265,252
10,2.5,0.5,-0.019294194258395403,-8.07537021042349,-1.8522512578972885,-0.019399068814458444,-1.7353255444153983,256
10,2.5,1.0,-0.019294194258395403,-8.07537021042349,-1.8522512578972885,-0.019399068814458444,-1.7353255444153983,256
10,3.0,0.3,0.0,0.0,0.0,0.0,0.0,0
10,3.0,0.5,0.0,0.0,0.0,0.0,0.0,0
10,3.0,1.0,0.0,0.0,0.0,0.0,0.0,0
20,1.5,0.3,-0.0698744859185193,-15.670438869844661,-6.264007031396274,-0.06987448591851934,-1.7140576054521564,908
20,1.5,0.5,-0.07965964784203927,-17.088360492579625,-7.4383245182904005,-0.07965964784203927,-1.7074180807733679,1052
20,1.5,1.0,-0.09897428142695275,-19.593781454663404,-9.696740250806055,-0.0989742814269528,-1.6942800380831051,1328
20,2.0,0.3,-0.056489057830306,-14.360095593426415,-5.007273299895298,-0.056589954848169435,-1.7200501028018162,672
20,2.0,0.5,-0.061838739187283776,-15.145668015419586,-5.615762481336982,-0.06193906412180266,-1.7167167846834956,752
20,2.0,1.0,-0.0678579484537516,-16.164847423231308,-6.400479196309737,-0.0679576297070604,-1.7129083149862372,844
20,2.5,0.3,-0.03756167933666188,-10.242884195506763,-2.640941148686065,-0.03766460040741192,-1.7311622805220135,420
20,2.5,0.5,-0.0386813110103561,-10.495649251082753,-2.7659930189284845,-0.038784112350118374,-1.7305514806377542,436
20,2.5,1.0,-0.04000886910054591,-10.786593381744405,-2.9248935682228945,-0.04011152847411955,-1.729816627906422,460
20,3.0,0.3,-0.01731096108954966,-8.593182845054443,-1.8996677268458562,-0.017416047728275007,-1.7389825645933006,216
20,3.0,0.5,-0.01731096108954966,-8.593182845054443,-1.8996677268458562,-0.017416047728275007,-1.7389825645933006,216
20,3.0,1.0,-0.01731096108954966,-8.593182845054443,-1.8996677268458562,-0.017416047728275007,-1.7389825645933006,216
50,1.5,0.3,-0.03798029470432662,-12.848743297873568,-3.842258221383455,-0.037980294704326664,-1.745798041105811,448
50,1.5,0.5,-0.042451093075121626,-13.839044471466101,-4.562841278925119,-0.042451093075121606,-1.7427218787075212,532
50,1.5,1.0,-0.05538810633319868,-15.62522024370253,-5.806934007096522,-0.05538810633319867,-1.733808260544545,708
50,2.0,0.3,-0.031740769359083654,-10.492644391118915,-2.5293046381018844,-0.03174076935908364,-1.750087588691616,356
50,2.0,0.5,-0.0335597111806093,-10.894498876540212,-2.777811953334774,-0.033559711180609304,-1.748837534778457,388
50,2.0,1.0,-0.03539930261265534,-11.118266453125116,-3.07789972983574,-0.0353993026126553,-1.7475729284261436,436
50,2.5,0.3,-0.02052007296907299,-10.31105497468715,-2.7412827976860648,-0.020520072969072933,-1.7577911121546148,256
50,2.5,0.5,-0.020452896446445323,-10.119196028995482,-2.75330727861591,-0.020452896446445375,-1.75783719158945,264
50,2.5,1.0,-0.021043042337996587,-10.346587523620245,-2.875716136413406,-0.021043042337996594,-1.7574323672969416,272
50,3.0,0.3,-0.0122063582445876,-7.832136488435485,-1.4054953047118544,-0.01220635824458761,-1.7634902430286625,140
50,3.0,0.5,-0.0122063582445876,-7.832136488435485,-1.4054953047118544,-0.01220635824458761,-1.7634902430286625,140
50,3.0,1.0,-0.0122063582445876,-7.832136488435485,-1.4054953047118544,-0.01220635824458761,-1.7634902430286625,140
100,1.5,0.3,-0.02599379079184727,-10.050773081293196,-2.3608781211511984,-0.025993790791847278,-1.7715360324185059,288
100,1.5,0.5,-0.028149410428193078,-10.606931584206912,-2.6974420073806917,-0.028149410428193078,-1.7700061997247452,328
100,1.5,1.0,-0.03577714634399487,-12.37880723486311,-3.709808318180579,-0.03577714634399483,-1.7645890356634084,440
100,2.0,0.3,-0.017161597630195646,-9.270542375718527,-2.012847494799825,-0.017227279520552412,-1.7710211291090183,212
100,2.0,0.5,-0.01836496488898931,-9.751022269974918,-2.2253337108886715,-0.018430566359781585,-1.7706215596720747,228
100,2.0,1.0,-0.021308960746063477,-10.524465798634631,-2.7140123762799475,-0.021374365473207344,-1.7694282098171503,280
100,2.5,0.3,-0.013080822225033595,-7.648189900696858,-1.518737475552778,-0.013080822225033626,-1.7806904710539722,164
100,2.5,0.5,-0.013924495892567945,-7.762277284940634,-1.5394527127625253,-0.013924495892567938,-1.7800928746176974,168
100,2.5,1.0,-0.014926248511415774,-7.916722052644674,-1.6924826976554412,-0.01492624851141576,-1.7793832139810186,188
100,3.0,0.3,-0.00932757754488589,-4.191545761514691,-0.43414608983707914,-0.009327577544885862,-1.7833481302600172,88
100,3.0,0.5,-0.010174459695724059,-4.442137232431966,-0.47806367983245907,-0.010174459695724072,-1.7827485790740585,92
100,3.0,1.0,-0.010363349528605514,-4.518602280365303,-0.49683916062118477,-0.010363349528605468,-1.7826148445281078,96
