lookback_hours,top_n,rebalance_hours,total_return,sharpe,sortino,max_drawdown,calmar,trades
72,2,72,-0.06352300550806367,-1.7361959174093629,-2.255123562911058,-0.08275380286518964,-1.332176382542015,3179
72,2,168,-0.04572117497694761,-1.3087920818015044,-1.674609032887781,-0.061935748421897883,-1.290328073577976,3128
72,2,336,0.03849112701167701,1.1320014610419198,1.4112400408198875,-0.041827395036256945,1.6623153302495812,3100
72,3,72,0.0,0.0,0.0,0.0,0.0,0
72,3,168,0.0,0.0,0.0,0.0,0.0,0
72,3,336,0.0,0.0,0.0,0.0,0.0,0
168,2,72,-0.10112983859187286,-2.8269070702598293,-3.5396224956852342,-0.10162808399202099,-1.7313378977403886,3015
168,2,168,-0.007513785110388027,-0.21993454575547122,-0.27389848392407967,-0.06607820886983497,-0.20577120974048713,2991
168,2,336,0.01653943621751619,0.491068527981874,0.6144696327493896,-0.041827395036258215,0.7225893708226389,2937
168,3,72,0.0,0.0,0.0,0.0,0.0,0
168,3,168,0.0,0.0,0.0,0.0,0.0,0
168,3,336,0.0,0.0,0.0,0.0,0.0,0
336,2,72,-0.032846617676196566,-1.0363102121695087,-1.3139787740958675,-0.060019243075482225,-1.0143067431427504,2840
336,2,168,-0.015087638544999171,-0.48074355398113067,-0.6342998090428061,-0.051853982222269085,-0.5435596734191414,2817
336,2,336,-0.013780233307074341,-0.4232561747350637,-0.5226389367325147,-0.07245990350483211,-0.3554829653211376,2794
336,3,72,0.0,0.0,0.0,0.0,0.0,0
336,3,168,0.0,0.0,0.0,0.0,0.0,0
336,3,336,0.0,0.0,0.0,0.0,0.0,0
720,2,72,0.033680911312004236,1.1904458302739465,1.5521928756021344,-0.04197411261502375,1.6737304025560589,2549
720,2,168,0.016527886311884732,0.569939816707554,0.7115626039493861,-0.0374763914577805,0.9117608042307693,2529
720,2,336,0.007042076546789788,0.23981695911408993,0.2989198607709976,-0.0415222227704489,0.3488927787500982,2537
720,3,72,0.0,0.0,0.0,0.0,0.0,0
720,3,168,0.0,0.0,0.0,0.0,0.0,0
720,3,336,0.0,0.0,0.0,0.0,0.0,0
