window,entry_z,stop_loss_z,total_return,sharpe,sortino,max_drawdown,calmar,trades
80,1.5,4.0,0.012983430111132899,1.095481754016534,1.0164389220888952,-0.009487240604493269,1.5714515409860688,493
80,1.5,3.5,0.012419181873312146,1.0449303718481606,0.9641207555046774,-0.009487240604492816,1.5030957479369957,504
80,1.5,3.0,0.007228765258944225,0.6099494258083163,0.5558370533206204,-0.012282416542546528,0.6755367950338981,529
80,2.5,4.0,0.004122856506319605,0.4659100020005788,0.31357117546290664,-0.009996509793487382,0.47328159647470036,251
80,2.0,4.0,0.0038966672331530727,0.38444721485483224,0.33149683319949685,-0.00818528984649666,0.5462882243194545,367
80,2.0,3.5,0.0024166940731105147,0.23789575989517753,0.20317756846559692,-0.00839994630425573,0.33011141315958586,381
80,2.5,3.5,0.0013905562550680095,0.1581591418109598,0.10409983670056337,-0.011147817094378775,0.14311374357998322,261
30,2.0,3.5,-0.0010606007183702193,-0.09242279629554744,-0.08245427711993221,-0.010598683374636389,-0.11186198228649442,493
30,2.0,4.0,-0.0017493624043786182,-0.152372459830601,-0.1364766850263665,-0.011280868619774911,-0.1733413233623976,494
30,2.0,3.0,-0.0030115119838561855,-0.26382352976985635,-0.2351502611904926,-0.010937220034758397,-0.30775855839563176,500
80,2.0,3.0,-0.003326895427051779,-0.3324061841361109,-0.27378231072394,-0.011376180200463597,-0.33540877518165396,398
30,2.5,4.0,-0.0031152050795737463,-0.3465060988698498,-0.23150225936247515,-0.008980724642295147,-0.38770829590677997,294
30,2.5,3.5,-0.004314668106200736,-0.48085344786637724,-0.3145924273943266,-0.010173130209641456,-0.4740147289896892,289
80,2.5,3.0,-0.004753601299030685,-0.5448066673374405,-0.349831850295163,-0.013938080835392665,-0.3911161834261792,278
50,2.5,4.0,-0.004951007884852587,-0.6775477488312316,-0.41309974442779546,-0.008553210484861707,-0.6535688905378665,220
50,2.5,3.5,-0.0053393916262601815,-0.7284357576932801,-0.4431948171005292,-0.00834051676978119,-0.7227943950306323,230
50,2.0,4.0,-0.009223959552551952,-0.8486009539918996,-0.6624824652634855,-0.014035987027749414,-0.7417895031744783,425
50,2.0,3.5,-0.009658227510099482,-0.8863168271141738,-0.6904439363799854,-0.013781440643641405,-0.7910369722332409,434
50,2.5,3.0,-0.0068718640233800254,-0.9917045274582911,-0.5624782293921714,-0.00905009929699814,-0.8572232188223143,234
30,2.5,3.0,-0.008746857477584524,-0.9988567203474693,-0.6385308059027542,-0.0135632246057588,-0.7205666734045023,288
50,2.0,3.0,-0.011057935677424413,-1.0122640471672915,-0.7756034394481912,-0.014720736307522046,-0.8478106861826025,463
20,2.5,3.5,-0.008581955720613377,-1.0923116599085738,-0.682339849244289,-0.014344390501512143,-0.6651089935860942,231
20,2.5,4.0,-0.008581955720613377,-1.0923116599085738,-0.682339849244289,-0.014344390501512143,-0.6651089935860942,231
30,1.5,3.5,-0.015923250620453078,-1.0927139254629588,-1.011741549525343,-0.024833427663243705,-0.7161350064777123,757
30,1.5,4.0,-0.016601764613946468,-1.1389573858188364,-1.0568942897996678,-0.02550579815236879,-0.7269384081269794,758
20,2.5,3.0,-0.00956403549666518,-1.2466878160269625,-0.7707665334471963,-0.015320762119747365,-0.6939455306010803,226
20,2.0,4.0,-0.015251160342015013,-1.2973676702453072,-1.134213597298243,-0.02328595596848376,-0.7278362030157302,574
30,1.5,3.0,-0.01898142301590644,-1.3237005210205437,-1.2213959148330904,-0.027252252912291577,-0.7777624941930384,760
20,2.0,3.5,-0.015695408999181537,-1.3319596366405424,-1.1595595677708006,-0.023579605809675202,-0.7396904271099652,576
50,1.5,4.0,-0.019307913079199768,-1.3395427941823024,-1.1974647711622874,-0.02583625704347559,-0.8429967496182877,654
50,1.5,3.5,-0.019756080536019627,-1.3687666254729725,-1.2228886173276199,-0.0262814411058633,-0.8479280758326054,662
20,2.0,3.0,-0.016956303675540685,-1.4440623718393553,-1.2506003118432374,-0.024830400825952736,-0.7588051974069538,576
50,1.5,3.0,-0.022965900578646004,-1.5970457011088524,-1.409108635144357,-0.029469893779892387,-0.8788622776824493,682
20,1.5,4.0,-0.022755395355035124,-1.662730359687022,-1.5993586450279471,-0.027012131965198413,-0.9357615148166053,832
20,1.5,3.5,-0.023195371234775664,-1.6918686722847456,-1.6237229526487056,-0.027450191373437405,-0.9386090184200923,834
20,1.5,3.0,-0.0244648657638874,-1.7880362930272764,-1.7076717162719655,-0.028714156167400882,-0.9463333026407211,838
