pair,total_return,sharpe,sortino,max_drawdown,calmar,trades
BTCUSDT/ETHUSDT,-0.0010606007183702193,-0.09242279629554744,-0.08245427711993221,-0.010598683374636389,-0.11186198228649442,493
ETHUSDT/XRPUSDT,-0.003952075528642851,-0.24118482506208536,-0.22420731229722218,-0.0182112006594035,-0.2425464993487278,569
BTCUSDT/XRPUSDT,-0.004543274818603393,-0.26983295529227697,-0.2337629629032499,-0.019993669549048212,-0.25396254632145204,566
BNBUSDT/XRPUSDT,-0.018792483257428105,-0.9891891084336448,-0.9270317994654028,-0.032746080349020615,-0.6408411424929573,594
ETHUSDT/BNBUSDT,-0.025918343052777293,-1.8275835523939523,-1.6214878709461844,-0.03367528837432212,-0.8590853315066048,526
BTCUSDT/SOLUSDT,-0.029811669000291308,-2.0762049905106936,-1.6851203879320842,-0.030065157270761343,-1.1065261429317301,549
SOLUSDT/BNBUSDT,-0.0363694002423286,-2.1959987787391206,-2.005523840311053,-0.04646622284510565,-0.873104123389249,591
ETHUSDT/SOLUSDT,-0.030408748880692782,-2.2085134817270213,-1.9040320326622717,-0.036458270427251215,-0.930734399763054,590
SOLUSDT/XRPUSDT,-0.03569386417295828,-2.2115094108987297,-1.8940972194159693,-0.0460964623273725,-0.8637955300101914,581
BTCUSDT/BNBUSDT,-0.026199840503379868,-2.3345386598570323,-1.8157677014717215,-0.029303953303064335,-0.9979424468338223,474
